{"Modules":[{"Key":"","Source":"","Dir":"."},{"Key":"agent-backend","Source":"git::https://github.com/GoogleCloudPlatform/terraform-google-cloud-run.git//modules/v2?ref=v0.17.4","Dir":".terraform/modules/agent-backend/modules/v2"},{"Key":"agent-database","Source":"git::https://github.com/terraform-google-modules/terraform-google-sql-db.git//modules/postgresql?ref=v25.2.2","Dir":".terraform/modules/agent-database/modules/postgresql"},{"Key":"agent-frontend","Source":"git::https://github.com/GoogleCloudPlatform/terraform-google-cloud-run.git//modules/v2?ref=v0.17.4","Dir":".terraform/modules/agent-frontend/modules/v2"},{"Key":"agent-secrets","Source":"git::https://github.com/GoogleCloudPlatform/terraform-google-secret-manager.git//modules/simple-secret?ref=v0.8.0","Dir":".terraform/modules/agent-secrets/modules/simple-secret"},{"Key":"apphub","Source":"git::https://github.com/GoogleCloudPlatform/terraform-google-apphub.git?ref=v0.3.0","Dir":".terraform/modules/apphub"},{"Key":"project-services-avid-day-459521-r4","Source":"git::https://github.com/terraform-google-modules/terraform-google-project-factory.git//modules/project_services?ref=v17.1.0","Dir":".terraform/modules/project-services-avid-day-459521-r4/modules/project_services"},{"Key":"project-services-billing-project","Source":"git::https://github.com/terraform-google-modules/terraform-google-project-factory.git//modules/project_services?ref=v17.1.0","Dir":".terraform/modules/project-services-billing-project/modules/project_services"}]}